split_source,source_row_id,stage,reason,action
train,55,cleanlab,suspected_label_issue,removed
train,3108,cleanlab,suspected_label_issue,removed
train,1090,cleanlab,suspected_label_issue,removed
train,1801,cleanlab,suspected_label_issue,removed
train,3708,cleanlab,suspected_label_issue,removed
train,2522,cleanlab,suspected_label_issue,removed
train,2062,cleanlab,suspected_label_issue,removed
train,3903,cleanlab,suspected_label_issue,removed
train,134,cleanlab,suspected_label_issue,removed
train,3360,cleanlab,suspected_label_issue,removed
train,2361,cleanlab,suspected_label_issue,removed
train,168,cleanlab,suspected_label_issue,removed
train,1363,cleanlab,suspected_label_issue,removed
train,2168,cleanlab,suspected_label_issue,removed
train,4063,cleanlab,suspected_label_issue,removed
train,4149,cleanlab,suspected_label_issue,removed
train,3101,cleanlab,suspected_label_issue,removed
train,2394,cleanlab,suspected_label_issue,removed
train,337,cleanlab,suspected_label_issue,removed
train,473,cleanlab,suspected_label_issue,removed
train,471,cleanlab,suspected_label_issue,removed
train,4389,cleanlab,suspected_label_issue,removed
train,4560,cleanlab,suspected_label_issue,removed
train,169,cleanlab,suspected_label_issue,removed
train,4528,cleanlab,suspected_label_issue,removed
train,1393,cleanlab,suspected_label_issue,removed
train,817,cleanlab,suspected_label_issue,removed
train,313,cleanlab,suspected_label_issue,removed
train,3624,cleanlab,suspected_label_issue,removed
train,4167,cleanlab,suspected_label_issue,removed
train,2573,cleanlab,suspected_label_issue,removed
train,2078,cleanlab,suspected_label_issue,removed
train,2609,cleanlab,suspected_label_issue,removed
train,3033,cleanlab,suspected_label_issue,removed
train,2975,cleanlab,suspected_label_issue,removed
train,2246,cleanlab,suspected_label_issue,removed
train,997,cleanlab,suspected_label_issue,removed
train,2274,cleanlab,suspected_label_issue,removed
train,3158,cleanlab,suspected_label_issue,removed
train,187,cleanlab,suspected_label_issue,removed
train,2672,cleanlab,suspected_label_issue,removed
train,826,cleanlab,suspected_label_issue,removed
train,616,cleanlab,suspected_label_issue,removed
train,4403,cleanlab,suspected_label_issue,removed
train,4169,cleanlab,suspected_label_issue,removed
train,265,cleanlab,suspected_label_issue,removed
train,2658,cleanlab,suspected_label_issue,removed
train,332,cleanlab,suspected_label_issue,removed
train,3406,cleanlab,suspected_label_issue,removed
train,2035,cleanlab,suspected_label_issue,removed
train,3847,cleanlab,suspected_label_issue,removed
train,2749,cleanlab,suspected_label_issue,removed
train,2635,cleanlab,suspected_label_issue,removed
train,2449,cleanlab,suspected_label_issue,removed
train,2395,cleanlab,suspected_label_issue,removed
train,1555,cleanlab,suspected_label_issue,removed
train,3477,cleanlab,suspected_label_issue,removed
train,3888,cleanlab,suspected_label_issue,removed
train,1594,cleanlab,suspected_label_issue,removed
train,1315,cleanlab,suspected_label_issue,removed
train,3266,cleanlab,suspected_label_issue,removed
train,3334,cleanlab,suspected_label_issue,removed
train,4079,cleanlab,suspected_label_issue,removed
train,138,cleanlab,suspected_label_issue,removed
train,4015,cleanlab,suspected_label_issue,removed
train,940,cleanlab,suspected_label_issue,removed
train,2809,cleanlab,suspected_label_issue,removed
train,2619,cleanlab,suspected_label_issue,removed
train,2445,cleanlab,suspected_label_issue,removed
train,4718,cleanlab,suspected_label_issue,removed
train,4911,cleanlab,suspected_label_issue,removed
train,3962,cleanlab,suspected_label_issue,removed
train,176,cleanlab,suspected_label_issue,removed
train,3214,cleanlab,suspected_label_issue,removed
train,3,cleanlab,suspected_label_issue,removed
train,2553,cleanlab,suspected_label_issue,removed
train,3317,cleanlab,suspected_label_issue,removed
train,2405,cleanlab,suspected_label_issue,removed
train,2915,cleanlab,suspected_label_issue,removed
train,4745,cleanlab,suspected_label_issue,removed
train,3581,cleanlab,suspected_label_issue,removed
train,2674,cleanlab,suspected_label_issue,removed
train,3006,cleanlab,suspected_label_issue,removed
train,1350,cleanlab,suspected_label_issue,removed
train,3947,cleanlab,suspected_label_issue,removed
train,165,cleanlab,suspected_label_issue,removed
train,2200,cleanlab,suspected_label_issue,removed
train,1817,cleanlab,suspected_label_issue,removed
train,770,cleanlab,suspected_label_issue,removed
train,1448,cleanlab,suspected_label_issue,removed
train,4304,cleanlab,suspected_label_issue,removed
train,2487,cleanlab,suspected_label_issue,removed
train,1665,cleanlab,suspected_label_issue,removed
train,4919,cleanlab,suspected_label_issue,removed
train,226,cleanlab,suspected_label_issue,removed
train,3683,cleanlab,suspected_label_issue,removed
train,1772,cleanlab,suspected_label_issue,removed
train,365,cleanlab,suspected_label_issue,removed
train,3390,cleanlab,suspected_label_issue,removed
train,4876,cleanlab,suspected_label_issue,removed
train,35,cleanlab,suspected_label_issue,removed
train,2481,cleanlab,suspected_label_issue,removed
train,2297,cleanlab,suspected_label_issue,removed
train,4153,cleanlab,suspected_label_issue,removed
train,1117,cleanlab,suspected_label_issue,removed
train,703,cleanlab,suspected_label_issue,removed
train,3028,cleanlab,suspected_label_issue,removed
train,1341,cleanlab,suspected_label_issue,removed
train,2254,cleanlab,suspected_label_issue,removed
train,939,cleanlab,suspected_label_issue,removed
train,590,cleanlab,suspected_label_issue,removed
train,916,cleanlab,suspected_label_issue,removed
train,1504,cleanlab,suspected_label_issue,removed
train,1178,cleanlab,suspected_label_issue,removed
train,1891,cleanlab,suspected_label_issue,removed
train,3259,cleanlab,suspected_label_issue,removed
train,3241,cleanlab,suspected_label_issue,removed
train,4516,cleanlab,suspected_label_issue,removed
train,3710,cleanlab,suspected_label_issue,removed
train,166,cleanlab,suspected_label_issue,removed
train,3861,cleanlab,suspected_label_issue,removed
train,412,cleanlab,suspected_label_issue,removed
train,3515,cleanlab,suspected_label_issue,removed
train,64,cleanlab,suspected_label_issue,removed
train,4456,cleanlab,suspected_label_issue,removed
train,1127,cleanlab,suspected_label_issue,removed
train,261,cleanlab,suspected_label_issue,removed
train,2601,cleanlab,suspected_label_issue,removed
train,3900,cleanlab,suspected_label_issue,removed
train,3956,cleanlab,suspected_label_issue,removed
train,122,cleanlab,suspected_label_issue,removed
train,2442,cleanlab,suspected_label_issue,removed
train,3612,cleanlab,suspected_label_issue,removed
train,1618,cleanlab,suspected_label_issue,removed
train,786,cleanlab,suspected_label_issue,removed
train,2349,cleanlab,suspected_label_issue,removed
train,3223,cleanlab,suspected_label_issue,removed
train,2160,cleanlab,suspected_label_issue,removed
train,4382,cleanlab,suspected_label_issue,removed
train,1790,cleanlab,suspected_label_issue,removed
train,3335,cleanlab,suspected_label_issue,removed
train,3692,cleanlab,suspected_label_issue,removed
train,2279,cleanlab,suspected_label_issue,removed
train,1937,cleanlab,suspected_label_issue,removed
train,3814,cleanlab,suspected_label_issue,removed
train,4735,cleanlab,suspected_label_issue,removed
train,2428,cleanlab,suspected_label_issue,removed
train,4042,cleanlab,suspected_label_issue,removed
train,2818,cleanlab,suspected_label_issue,removed
train,1005,cleanlab,suspected_label_issue,removed
train,959,cleanlab,suspected_label_issue,removed
train,3539,cleanlab,suspected_label_issue,removed
train,400,cleanlab,suspected_label_issue,removed
train,3518,cleanlab,suspected_label_issue,removed
train,3104,cleanlab,suspected_label_issue,removed
train,684,cleanlab,suspected_label_issue,removed
train,879,cleanlab,suspected_label_issue,removed
train,3409,cleanlab,suspected_label_issue,removed
train,4784,cleanlab,suspected_label_issue,removed
train,2805,cleanlab,suspected_label_issue,removed
train,3554,cleanlab,suspected_label_issue,removed
train,3665,cleanlab,suspected_label_issue,removed
train,4607,cleanlab,suspected_label_issue,removed
train,3817,cleanlab,suspected_label_issue,removed
train,4836,cleanlab,suspected_label_issue,removed
train,2879,cleanlab,suspected_label_issue,removed
train,3253,cleanlab,suspected_label_issue,removed
train,4323,cleanlab,suspected_label_issue,removed
train,102,cleanlab,suspected_label_issue,removed
train,569,cleanlab,suspected_label_issue,removed
train,1364,cleanlab,suspected_label_issue,removed
train,3859,cleanlab,suspected_label_issue,removed
train,2159,cleanlab,suspected_label_issue,removed
train,4411,cleanlab,suspected_label_issue,removed
train,3373,cleanlab,suspected_label_issue,removed
train,3427,cleanlab,suspected_label_issue,removed
train,1185,cleanlab,suspected_label_issue,removed
train,2862,cleanlab,suspected_label_issue,removed
train,805,cleanlab,suspected_label_issue,removed
train,3205,cleanlab,suspected_label_issue,removed
train,3874,cleanlab,suspected_label_issue,removed
train,519,cleanlab,suspected_label_issue,removed
train,4702,cleanlab,suspected_label_issue,removed
train,787,cleanlab,suspected_label_issue,removed
train,3975,cleanlab,suspected_label_issue,removed
train,2863,cleanlab,suspected_label_issue,removed
train,574,cleanlab,suspected_label_issue,removed
train,383,cleanlab,suspected_label_issue,removed
train,3839,cleanlab,suspected_label_issue,removed
train,1482,cleanlab,suspected_label_issue,removed
train,1048,cleanlab,suspected_label_issue,removed
train,3100,cleanlab,suspected_label_issue,removed
train,673,cleanlab,suspected_label_issue,removed
train,719,cleanlab,suspected_label_issue,removed
train,1990,cleanlab,suspected_label_issue,removed
train,3016,cleanlab,suspected_label_issue,removed
train,1391,cleanlab,suspected_label_issue,removed
train,4100,cleanlab,suspected_label_issue,removed
train,2257,cleanlab,suspected_label_issue,removed
train,4064,cleanlab,suspected_label_issue,removed
train,1592,cleanlab,suspected_label_issue,removed
train,3765,cleanlab,suspected_label_issue,removed
train,1170,cleanlab,suspected_label_issue,removed
train,2803,cleanlab,suspected_label_issue,removed
train,331,cleanlab,suspected_label_issue,removed
train,419,cleanlab,suspected_label_issue,removed
train,828,cleanlab,suspected_label_issue,removed
train,3258,cleanlab,suspected_label_issue,removed
train,4097,cleanlab,suspected_label_issue,removed
train,2691,cleanlab,suspected_label_issue,removed
train,4553,cleanlab,suspected_label_issue,removed
train,3453,cleanlab,suspected_label_issue,removed
train,3731,cleanlab,suspected_label_issue,removed
train,1045,cleanlab,suspected_label_issue,removed
train,1783,cleanlab,suspected_label_issue,removed
train,3191,cleanlab,suspected_label_issue,removed
train,4111,cleanlab,suspected_label_issue,removed
train,75,cleanlab,suspected_label_issue,removed
train,3648,cleanlab,suspected_label_issue,removed
train,2094,cleanlab,suspected_label_issue,removed
train,3323,cleanlab,suspected_label_issue,removed
train,2957,cleanlab,suspected_label_issue,removed
train,3853,cleanlab,suspected_label_issue,removed
train,2620,cleanlab,suspected_label_issue,removed
train,4854,cleanlab,suspected_label_issue,removed
train,1536,cleanlab,suspected_label_issue,removed
train,213,cleanlab,suspected_label_issue,removed
train,4099,cleanlab,suspected_label_issue,removed
train,4556,cleanlab,suspected_label_issue,removed
train,41,cleanlab,suspected_label_issue,removed
train,2585,cleanlab,suspected_label_issue,removed
train,4173,cleanlab,suspected_label_issue,removed
train,1998,cleanlab,suspected_label_issue,removed
train,3342,cleanlab,suspected_label_issue,removed
train,158,cleanlab,suspected_label_issue,removed
train,1781,cleanlab,suspected_label_issue,removed
train,4073,cleanlab,suspected_label_issue,removed
train,1792,cleanlab,suspected_label_issue,removed
train,2410,cleanlab,suspected_label_issue,removed
train,25,cleanlab,suspected_label_issue,removed
train,1095,cleanlab,suspected_label_issue,removed
train,4722,cleanlab,suspected_label_issue,removed
train,1619,cleanlab,suspected_label_issue,removed
train,866,cleanlab,suspected_label_issue,removed
train,4332,cleanlab,suspected_label_issue,removed
train,756,cleanlab,suspected_label_issue,removed
train,3687,cleanlab,suspected_label_issue,removed
train,1007,cleanlab,suspected_label_issue,removed
train,2991,cleanlab,suspected_label_issue,removed
train,4244,cleanlab,suspected_label_issue,removed
train,1429,cleanlab,suspected_label_issue,removed
train,3674,cleanlab,suspected_label_issue,removed
train,1502,cleanlab,suspected_label_issue,removed
train,456,cleanlab,suspected_label_issue,removed
train,2648,cleanlab,suspected_label_issue,removed
train,385,cleanlab,suspected_label_issue,removed
train,960,cleanlab,suspected_label_issue,removed
train,4384,cleanlab,suspected_label_issue,removed
train,2757,cleanlab,suspected_label_issue,removed
train,4782,cleanlab,suspected_label_issue,removed
train,2328,cleanlab,suspected_label_issue,removed
train,3544,cleanlab,suspected_label_issue,removed
train,4618,cleanlab,suspected_label_issue,removed
train,4267,cleanlab,suspected_label_issue,removed
train,2334,cleanlab,suspected_label_issue,removed
train,3724,cleanlab,suspected_label_issue,removed
train,2330,cleanlab,suspected_label_issue,removed
train,4126,cleanlab,suspected_label_issue,removed
train,2671,cleanlab,suspected_label_issue,removed
train,1416,cleanlab,suspected_label_issue,removed
train,1944,cleanlab,suspected_label_issue,removed
train,3504,cleanlab,suspected_label_issue,removed
train,1354,cleanlab,suspected_label_issue,removed
train,2546,cleanlab,suspected_label_issue,removed
train,2496,cleanlab,suspected_label_issue,removed
train,316,cleanlab,suspected_label_issue,removed
train,2647,cleanlab,suspected_label_issue,removed
train,3961,cleanlab,suspected_label_issue,removed
train,4300,cleanlab,suspected_label_issue,removed
train,4497,cleanlab,suspected_label_issue,removed
train,4243,cleanlab,suspected_label_issue,removed
train,4274,cleanlab,suspected_label_issue,removed
train,2745,cleanlab,suspected_label_issue,removed
train,846,cleanlab,suspected_label_issue,removed
train,2554,cleanlab,suspected_label_issue,removed
train,3730,cleanlab,suspected_label_issue,removed
train,309,cleanlab,suspected_label_issue,removed
train,556,cleanlab,suspected_label_issue,removed
train,3473,cleanlab,suspected_label_issue,removed
train,1668,cleanlab,suspected_label_issue,removed
train,4057,cleanlab,suspected_label_issue,removed
train,662,cleanlab,suspected_label_issue,removed
train,1604,cleanlab,suspected_label_issue,removed
train,649,cleanlab,suspected_label_issue,removed
train,2780,cleanlab,suspected_label_issue,removed
train,4402,cleanlab,suspected_label_issue,removed
train,3212,cleanlab,suspected_label_issue,removed
train,4321,cleanlab,suspected_label_issue,removed
train,2443,cleanlab,suspected_label_issue,removed
train,2147,cleanlab,suspected_label_issue,removed
train,4568,cleanlab,suspected_label_issue,removed
train,1349,cleanlab,suspected_label_issue,removed
train,1009,cleanlab,suspected_label_issue,removed
train,4329,cleanlab,suspected_label_issue,removed
train,3109,cleanlab,suspected_label_issue,removed
train,3818,cleanlab,suspected_label_issue,removed
train,3010,cleanlab,suspected_label_issue,removed
train,4266,cleanlab,suspected_label_issue,removed
train,4446,cleanlab,suspected_label_issue,removed
train,2498,cleanlab,suspected_label_issue,removed
train,663,cleanlab,suspected_label_issue,removed
train,2162,cleanlab,suspected_label_issue,removed
train,1445,cleanlab,suspected_label_issue,removed
train,4861,cleanlab,suspected_label_issue,removed
train,526,cleanlab,suspected_label_issue,removed
train,1531,cleanlab,suspected_label_issue,removed
train,4330,cleanlab,suspected_label_issue,removed
train,1603,cleanlab,suspected_label_issue,removed
train,3092,cleanlab,suspected_label_issue,removed
train,94,cleanlab,suspected_label_issue,removed
train,543,cleanlab,suspected_label_issue,removed
train,4739,cleanlab,suspected_label_issue,removed
train,4237,cleanlab,suspected_label_issue,removed
train,378,cleanlab,suspected_label_issue,removed
train,3593,cleanlab,suspected_label_issue,removed
train,388,cleanlab,suspected_label_issue,removed
train,4477,cleanlab,suspected_label_issue,removed
train,712,cleanlab,suspected_label_issue,removed
train,2916,cleanlab,suspected_label_issue,removed
train,3992,cleanlab,suspected_label_issue,removed
train,749,cleanlab,suspected_label_issue,removed
train,103,cleanlab,suspected_label_issue,removed
train,4881,cleanlab,suspected_label_issue,removed
train,2080,cleanlab,suspected_label_issue,removed
train,4575,cleanlab,suspected_label_issue,removed
train,398,cleanlab,suspected_label_issue,removed
train,1865,cleanlab,suspected_label_issue,removed
train,253,cleanlab,suspected_label_issue,removed
train,3483,cleanlab,suspected_label_issue,removed
train,3366,cleanlab,suspected_label_issue,removed
train,1739,cleanlab,suspected_label_issue,removed
train,4134,cleanlab,suspected_label_issue,removed
train,1689,cleanlab,suspected_label_issue,removed
train,2559,cleanlab,suspected_label_issue,removed
train,4755,cleanlab,suspected_label_issue,removed
train,726,cleanlab,suspected_label_issue,removed
train,2007,cleanlab,suspected_label_issue,removed
train,2205,cleanlab,suspected_label_issue,removed
train,4145,cleanlab,suspected_label_issue,removed
train,3032,cleanlab,suspected_label_issue,removed
train,4140,cleanlab,suspected_label_issue,removed
train,4137,cleanlab,suspected_label_issue,removed
train,2579,cleanlab,suspected_label_issue,removed
train,2222,cleanlab,suspected_label_issue,removed
train,3133,cleanlab,suspected_label_issue,removed
train,991,cleanlab,suspected_label_issue,removed
train,943,cleanlab,suspected_label_issue,removed
train,1862,cleanlab,suspected_label_issue,removed
train,1841,cleanlab,suspected_label_issue,removed
train,481,cleanlab,suspected_label_issue,removed
train,3661,cleanlab,suspected_label_issue,removed
train,1145,cleanlab,suspected_label_issue,removed
train,4131,cleanlab,suspected_label_issue,removed
train,4944,cleanlab,suspected_label_issue,removed
train,2084,cleanlab,suspected_label_issue,removed
train,4002,cleanlab,suspected_label_issue,removed
train,4714,cleanlab,suspected_label_issue,removed
train,4889,cleanlab,suspected_label_issue,removed
train,4890,cleanlab,suspected_label_issue,removed
train,3264,cleanlab,suspected_label_issue,removed
train,800,cleanlab,suspected_label_issue,removed
train,4544,cleanlab,suspected_label_issue,removed
train,4089,cleanlab,suspected_label_issue,removed
train,2569,cleanlab,suspected_label_issue,removed
